city,AQI,PM2.5_IAQI,PM10_IAQI,SO2_IAQI,NO2_IAQI,CO_IAQI,O3_IAQI
三亚市,45.64142857142857,31.065306122448984,32.847142857142856,4.428571428571429,9.973214285714286,16.928571428571427,45.64142857142857
乐东黎族自治县,43.47327380952381,38.89523809523809,40.7875,5.265,5.757291666666667,13.5625,41.68583333333334
保亭黎族苗族自治县,42.85166666666667,34.21190476190477,36.67666666666667,4.583333333333333,8.520833333333334,16.25,42.7175
陵水黎族自治县,45.83416666666667,35.41190476190476,39.63,3.98,4.410416666666666,13.666666666666666,44.064166666666665
东方市,50.43272727272727,49.14123376623377,49.53636363636363,7.056363636363637,5.444318181818182,12.068181818181818,40.35045454545455
五指山市,44.64200000000001,41.15428571428571,44.64200000000001,5.334,5.097499999999999,13.95,38.375
白沙黎族自治县,48.8703431372549,45.10598739495798,47.867647058823536,5.084705882352941,4.608823529411765,12.279411764705882,37.098431372549015
琼中黎族苗族自治县,51.96428571428571,49.1576530612245,51.96428571428571,5.827142857142857,7.691964285714286,15.178571428571429,28.16071428571429
昌江黎族自治县,53.00666666666668,52.7343253968254,51.0,7.466666666666667,5.829166666666667,12.36111111111111,37.144444444444446
琼海市,48.110833333333325,41.0452380952381,48.110833333333325,3.5583333333333336,4.995833333333334,13.916666666666666,32.59666666666667
儋州市,54.73966666666667,54.32166666666667,53.318,7.712666666666667,9.366666666666667,15.15,27.588666666666665
屯昌县,54.01899999999999,49.68321428571428,54.01899999999999,5.836,12.1025,18.5,23.89
定安县,54.421666666666674,47.43214285714286,54.421666666666674,5.075,12.6625,18.58333333333333,24.2
澄迈县,57.788571428571416,52.85714285714285,57.788571428571416,7.712857142857143,20.06964285714286,21.142857142857142,20.147142857142857
文昌市,49.8795,41.99714285714286,49.8795,3.663,4.5075,14.275,30.6035
临高县,56.89785714285715,54.7875,56.75071428571429,8.314285714285715,16.082142857142856,19.214285714285715,23.215714285714288
海口市,55.65,48.7686011904762,55.65,6.116666666666666,14.526041666666666,19.14583333333333,22.19833333333333
湛江市,70.03554545454546,69.78863636363636,65.91418181818182,13.470363636363636,21.88886363636364,27.345454545454544,30.751272727272728
西双版纳傣族自治州,96.19756097560972,96.19756097560972,65.7684756097561,9.291951219512192,6.8135670731707325,15.423780487804878,69.81565040650406
Binh Lieu,89.275,89.275,62.73,14.67,9.025,13.750000000000002,29.82
防城港市,83.25949999999999,83.25949999999999,63.83720000000001,14.3672,20.945,18.42,23.711800000000007
北海市,62.442142857142855,62.38303571428571,61.60785714285714,14.294285714285715,20.85089285714286,23.089285714285715,22.439642857142854
茂名市,83.13214285714288,83.13214285714288,70.80794642857144,16.83875,29.5484375,27.236607142857142,30.744285714285716
崇左市,92.67547468354432,92.67547468354432,65.92360759493667,14.445569620253163,16.126265822784806,17.72151898734177,27.96158227848102
钦州市,72.80499999999998,72.79744897959182,62.74163265306124,12.552244897959175,21.12066326530612,23.23469387755102,22.05316326530612
玉林市,85.65758928571428,85.65758928571428,72.62241071428569,18.95767857142857,23.970535714285717,26.245535714285715,25.86196428571429
阳江市,80.19204545454545,80.19204545454545,67.6928787878788,17.29787878787878,39.028787878787874,21.51515151515152,24.79984848484849
江门市,80.28950348432056,79.60479094076656,67.29634146341462,25.16878048780487,59.91140243902439,24.664634146341463,18.251707317073176
,45.94376984126985,18.972023809523808,13.84722222222222,3.4922222222222223,6.294444444444445,5.083333333333333,41.328518518518514
珠海市,59.69388888888889,56.41547619047619,49.26583333333334,14.333333333333334,28.137500000000003,14.708333333333334,34.64805555555555
普洱市,87.07696700507616,86.84339195068891,62.52053299492386,7.44771573604061,4.837880710659899,16.860406091370557,66.46721658206431
南宁市,94.84599999999996,94.84599999999996,67.483,13.173099999999998,29.090875000000004,23.0275,22.7951
Muong Nhe,106.5375,106.5375,70.60499999999999,12.36,9.6,16.5,55.141666666666666
红河哈尼族彝族自治州,86.75681034482753,86.75681034482753,66.93044827586206,12.184965517241377,8.665517241379314,28.791379310344823,46.26968965517244
中山市,87.80555555555556,87.80555555555556,71.83555555555556,29.023333333333337,66.96944444444445,25.88888888888889,16.456111111111113
云浮市,71.71568181818182,68.13409090909093,70.61151515151515,21.98969696969697,48.58674242424243,31.204545454545453,17.33151515151515
文山壮族苗族自治州,83.87810283687945,83.87810283687945,60.78294326241134,10.839503546099294,4.754166666666665,13.893617021276595,43.67521276595743
贵港市,112.11902173913042,112.11902173913042,73.8575,17.331304347826084,21.61875,21.01630434782609,24.73510869565217
梧州市,71.63754166666668,70.55,64.91683333333332,18.481166666666677,18.881875,22.591666666666665,26.53833333333333
香港特别行政区,59.51875,59.51875,50.4025,8.295,33.96875,12.0,31.52
百色市,86.9959627329193,86.9959627329193,61.53360248447206,15.773726708074529,7.82663043478261,13.535714285714286,38.8306211180124
Ha Quang,97.175,97.175,64.84,17.32,6.4625,13.0,40.22
佛山市,96.22671875,85.5140625,71.98343750000001,32.3825,90.0353125,33.21875,9.5025
深圳市,85.12916666666666,85.12916666666666,68.27222222222223,15.531111111111114,54.99027777777778,21.55555555555556,21.718888888888888
肇庆市,77.29803030303029,76.8683712121212,66.01045454545456,15.620454545454551,34.26609848484847,27.306818181818183,21.23189393939394
广州市,88.22500000000001,87.34439655172415,67.8696551724138,19.15551724137931,52.15172413793104,23.73275862068965,18.933103448275865
东莞市,96.60875,96.60875,74.17000000000002,19.907000000000004,59.710000000000015,24.45,17.2465
惠州市,85.22013888888885,85.22013888888885,64.32990740740742,11.717222222222222,26.237037037037027,20.949074074074076,23.172685185185195
屏东县,40.61196969696969,23.8961038961039,19.732727272727274,5.144545454545454,13.457954545454548,5.431818181818182,40.61196969696969
汕尾市,93.04431818181818,93.04431818181818,69.4656818181818,12.052727272727273,24.59829545454545,23.988636363636363,28.38477272727273
临沧市,65.67583333333334,61.00959183673471,49.35819047619047,5.076095238095237,3.414285714285715,9.754761904761905,65.54031746031747
Ho Pang,75.21666666666667,74.7875,57.79,5.08,6.0875,11.75,75.21666666666667
玉溪市,86.62126865671641,86.62126865671641,73.28223880597014,12.754328358208951,15.133582089552236,40.6865671641791,41.5663184079602
来宾市,108.11523437500004,108.11523437500004,72.26578124999999,18.99000000000001,24.013671875,19.94921875,25.915390625000004
揭阳市,111.25535714285716,111.25535714285716,81.70809523809524,23.208571428571425,41.80416666666667,31.08333333333333,24.976190476190474
台东县,38.51823529411765,26.77815126050421,21.45176470588235,4.414117647058824,12.222794117647055,5.323529411764706,37.68588235294118
高雄市,35.691818181818185,34.779220779220786,28.28454545454545,8.731818181818182,25.84659090909091,5.340909090909091,33.19409090909091
河池市,91.02181208053688,91.02181208053688,64.75778523489927,19.80624161073826,10.874832214765105,14.468120805369129,34.86439597315435
清远市,92.06846590909092,92.06846590909092,65.87960227272731,15.34045454545454,24.95767045454546,28.60511363636364,23.48488636363636
河源市,98.25800781250004,98.25800781250004,71.4190625,11.69671875,27.266796874999997,28.2734375,20.21765625
汕头市,75.99360714285714,75.95160714285713,64.31450000000001,19.51,34.37875,24.1,30.825
贺州市,82.17924528301889,82.17924528301889,62.01075471698113,12.883584905660378,11.481839622641512,15.7311320754717,29.800094339622632
梅州市,96.75907534246578,96.75907534246578,73.62287671232876,16.356575342465753,30.82756849315068,30.30821917808219,21.946301369863026
潮州市,84.30390625,84.30390625,69.95406249999998,17.0925,33.115624999999994,29.109375,25.9715625
台南市,38.660714285714285,38.660714285714285,32.12125,10.71375,34.465625,6.5625,34.399375
德宏傣族景颇族自治州,56.32085901027077,55.89859943977592,45.721470588235306,5.422941176470588,2.9242647058823525,8.27450980392157,52.444313725490176
柳州市,105.89266351118758,105.89266351118758,72.75825301204821,21.27530120481928,24.964156626506032,19.018072289156628,24.783734939759032
Kong Kyan,57.93333333333333,52.8125,44.08,4.72,2.3875,8.5,57.93333333333333
楚雄彝族自治州,69.85073129251701,68.67731009070296,65.1436111111111,6.653492063492063,10.374900793650792,27.325396825396822,40.03820105820105
韶关市,92.95015243902442,92.95015243902442,65.75567073170731,30.31646341463415,31.9751524390244,34.15853658536585,21.4615243902439
漳州市,63.44814814814816,61.51623677248677,59.8023148148148,16.99648148148148,34.35810185185185,17.708333333333332,31.529814814814817
嘉义县,36.08488095238095,35.753571428571426,28.955,8.405,26.05520833333333,5.291666666666667,33.14083333333334
保山市,49.32642570281124,46.84634251290875,38.08518072289156,4.95144578313253,3.1987951807228923,7.575301204819277,49.21064257028112
曲靖市,70.30496954595789,70.30496954595789,60.090348837209305,13.194108527131789,13.802422480620155,26.503875968992247,37.486201550387584
花莲县,40.51850000000001,26.93214285714286,21.5035,4.696999999999999,8.391874999999999,5.2875,40.51850000000001
昆明市,77.14002631578948,76.2973684210526,73.59957894736843,12.605578947368423,27.912894736842112,34.126315789473686,32.64531578947368
桂林市,104.64339430894304,104.64339430894304,70.14353658536588,17.01414634146342,22.10162601626017,18.089430894308943,24.033373983739832
云林县,39.52785714285714,33.36190476190476,27.680000000000003,9.045,25.197916666666668,6.125,39.105
黔西南布依族苗族自治州,91.07636986301368,91.07636986301368,67.39664383561643,15.536164383561648,8.80085616438356,18.70205479452055,38.12876712328767
南投县,33.779327731092444,32.17142857142858,25.43529411764706,6.27764705882353,20.561764705882357,4.411764705882353,31.89529411764706
大理白族自治州,53.800682479098505,51.55021810250817,43.77129770992366,4.866335877862595,4.628530534351145,14.261450381679388,44.420941475826965
永州市,90.73868421052634,90.73868421052634,63.20963157894735,18.350315789473687,10.679473684210524,13.647368421052631,33.77236842105264
赣州市,69.18659604519775,69.1802966101695,51.586920903954834,16.215480225988703,11.629519774011296,15.163841807909604,34.40683615819207
彰化县,37.03625,32.660714285714285,27.2425,10.47,28.08125,5.875,37.03625
黔南布依族苗族自治州,84.37076086956526,84.37076086956526,67.30834782608696,16.78504347826087,16.10467391304348,14.728260869565217,25.047956521739128
台中市,33.296103896103894,30.28311688311689,24.357272727272733,7.403636363636362,21.65,4.681818181818182,33.20818181818182
郴州市,86.75689655172413,86.75689655172413,60.7155172413793,35.09310344827586,20.72298850574712,24.04597701149425,30.421321839080463
龙岩市,56.52754733218589,56.32213855421687,49.28999999999999,14.256626506024093,15.264006024096387,11.355421686746988,36.53313253012048
厦门市,66.43892857142858,55.27857142857143,65.63142857142857,20.535714285714285,54.97857142857142,15.0,28.80642857142857
泉州市,59.99729166666668,48.67473958333335,59.99729166666668,12.620208333333332,27.99765625000001,14.442708333333334,29.808333333333337
六盘水市,87.67907608695651,87.67907608695651,68.30184782608694,28.58923913043477,16.830434782608698,26.21195652173913,32.56652173913044
安顺市,88.78018292682927,88.78018292682927,71.93756097560976,18.72878048780488,23.440243902439025,17.359756097560975,22.314390243902444
黔东南苗族侗族自治州,82.82223282442752,82.82223282442752,61.201717557251925,18.318396946564885,7.190553435114502,12.349236641221374,35.130572519083955
苗栗县,35.33755102040816,27.808163265306124,22.962857142857143,8.287142857142857,20.807142857142857,5.035714285714286,35.15642857142857
宜兰县,42.582,26.5,21.234,5.611000000000001,6.61875,5.65,42.582
新竹县,34.94928571428572,28.05510204081633,22.722857142857144,8.004285714285713,17.74107142857143,4.821428571428571,34.24357142857143
怒江傈僳族自治州,44.02620967741937,32.41797235023042,25.74532258064516,2.5662903225806453,1.1219758064516123,5.44758064516129,44.02620967741937
莆田市,58.7764705882353,43.68571428571429,57.85705882352942,10.741764705882352,24.085294117647063,17.470588235294116,28.918235294117647
桃园市,38.539,23.785714285714285,19.864,9.452,16.23,5.8,38.539
新北市,43.56125,23.23928571428572,19.2875,6.74625,7.759375,5.875,43.56125
怀化市,74.09070512820512,74.09070512820512,57.396923076923066,18.660341880341885,8.035363247863247,15.173076923076923,37.56175213675213
丽江市,58.45191011235954,48.25650080256823,50.536179775280864,4.048314606741573,5.81320224719101,17.573033707865168,38.67230337078651
凉山彝族自治州,54.26534058360186,38.56987781954888,37.60671052631576,8.218233082706774,8.611513157894736,14.867481203007518,39.855062656641614
邵阳市,84.57220744680852,84.57220744680852,64.61367021276598,20.292340425531915,12.087765957446804,15.01595744680851,35.84787234042552
台北市,41.6375,22.92142857142857,19.18,9.28,12.75625,6.0,41.6375
攀枝花市,87.08343750000002,77.5771205357143,87.08343750000002,26.40828125,38.64843750000001,43.1328125,24.751875
贵阳市,89.23428571428575,89.23428571428575,76.56871428571431,28.16828571428572,46.115357142857135,20.585714285714285,18.813285714285712
三明市,48.568460471567256,47.45937933425797,44.05650485436894,15.401456310679611,15.581917475728153,16.87621359223301,37.52422330097088
福州市,59.53186274509806,45.62874649859945,57.768823529411776,11.935490196078431,34.00735294117648,24.044117647058822,29.652941176470588
基隆市,43.405,21.914285714285715,18.85,7.98,9.3375,6.0,43.405
毕节市,79.20757083825268,79.20757083825268,64.10400826446283,24.29809917355372,18.91022727272728,14.958677685950413,31.316404958677683
衡阳市,105.72026515151516,105.72026515151516,79.01939393939392,27.741666666666664,24.436174242424244,21.10606060606061,28.38121212121213
株洲市,95.25275,95.25275,67.90029999999999,21.2406,18.196500000000004,19.17,27.324500000000004
吉安市,59.117886631716914,59.064990170380085,47.013669724770665,12.200917431192655,8.23337155963303,9.763761467889909,36.605596330275226
昭通市,74.87173684210526,74.85973684210525,61.172263157894726,19.330105263157897,12.457105263157896,16.11578947368421,33.720263157894735
迪庆藏族自治州,46.30636666666667,19.151,14.910600000000002,1.5067999999999997,0.8602500000000005,4.4725,46.30636666666667
抚州市,41.93545798319328,40.45409663865546,36.03329411764706,9.430235294117647,6.347205882352942,7.926470588235294,39.891058823529406
南平市,46.757350427350445,45.256883394383394,42.953760683760684,12.740512820512818,14.264209401709405,17.38888888888889,37.47482905982909
宁德市,51.86400000000002,44.09993506493506,50.77236363636365,9.884363636363636,17.234090909090913,24.7,35.043454545454544
遵义市,79.56494360902252,79.56494360902252,70.37229323308266,25.999774436090213,21.271992481203007,17.422932330827066,27.834022556390984
铜仁市,78.97364457831324,78.97364457831324,61.25530120481925,21.671686746987945,6.415512048192772,12.650602409638552,37.54524096385544
萍乡市,91.55125,91.55125,64.07974999999999,19.4125,15.78625,18.0,27.857500000000005
山南地区,53.63122254059218,16.294274457634057,13.18240687679084,1.049369627507162,1.553904011461318,4.815186246418338,53.61570200573068
娄底市,77.38344594594595,77.38344594594595,69.29337837837839,29.15081081081081,24.642905405405408,22.93918918918919,30.66472972972973
湘潭市,101.12261904761904,101.12261904761904,81.8038095238095,31.21333333333333,40.43154761904761,27.916666666666668,22.53857142857143
泸州市,78.34571428571425,77.63392857142856,72.49232142857144,32.73464285714285,29.68325892857143,21.602678571428573,26.23642857142857
宜宾市,94.05458333333334,94.05458333333334,77.64875000000002,27.40516666666667,30.298958333333328,23.54583333333333,24.366333333333333
湘西土家族苗族自治州,72.04749999999999,72.04749999999999,61.86707142857144,20.04000000000001,8.471428571428573,22.475,35.96642857142858
宜春市,63.77172839506176,63.64788359788363,54.92197530864199,13.870123456790129,14.416512345679012,11.287037037037036,32.37277777777778
林芝地区,47.49945652173913,9.982975719932233,7.812134387351787,0.6704743083003964,1.370602766798419,3.7791501976284585,47.49945652173913
新余市,63.24323979591835,63.24323979591835,54.13607142857143,14.755,16.78392857142857,11.625,32.03821428571429
East Siang,50.65833333333334,36.05714285714286,28.56,2.73,4.2375,6.5,50.65833333333334
甘孜藏族自治州,50.63734538327528,4.023824041811854,3.064908536585366,0.3545731707317086,0.6411775914634144,3.3277439024390243,50.636326219512206
益阳市,76.38966346153845,76.38966346153845,65.63817307692305,28.3375,33.962500000000006,27.21153846153846,25.761923076923075
长沙市,99.54558823529412,99.54558823529412,73.29882352941178,32.13137254901961,39.010539215686265,28.985294117647054,19.980490196078435
日喀则地区,56.46433080808082,0.9645562770562792,0.768573232323231,0.0778535353535354,0.4725220959595953,3.11489898989899,56.46433080808082
重庆市,68.87111805555558,68.79760416666669,57.92116666666669,23.944958333333325,15.589583333333335,16.509722222222223,30.43686111111113
丽水市,53.61023809523809,52.12772435897437,53.13461538461537,15.884487179487182,26.20817307692308,18.897435897435894,36.71474358974359
温州市,67.49890670553934,64.86260932944604,63.881530612244894,18.024285714285718,54.32801020408164,38.326530612244895,33.53938775510205
乐山市,81.84354636591476,81.84354636591476,67.19701754385964,18.054210526315785,21.605921052631576,17.162280701754387,28.679561403508774
鹰潭市,49.22373949579831,48.34600840336135,43.70764705882353,9.864117647058825,9.775735294117649,8.661764705882353,39.2385294117647
常德市,63.33107142857139,62.80312499999999,60.09470238095236,22.457142857142856,20.8063988095238,23.30059523809524,29.64428571428572
上饶市,67.38162500000001,66.14544642857146,58.661299999999976,17.565800000000003,15.263749999999996,12.0325,37.05429999999999
昌都地区,48.02872222222221,2.061160714285715,1.562979166666666,0.1273958333333334,0.3765104166666667,3.2583333333333333,48.02872222222221
岳阳市,86.20772058823529,86.20772058823529,70.96176470588236,27.056323529411767,30.97095588235295,22.59558823529412,19.687867647058823
南昌市,60.504393939393935,56.42375541125541,60.35590909090909,16.31606060606061,23.648106060606057,12.446969696969695,30.75257575757576
雅安市,53.69732942430704,46.24906716417908,41.75798507462686,10.353432835820898,10.51735074626866,9.07089552238806,43.388358208955225
自贡市,85.71912499999999,85.590625,76.35875000000001,24.981500000000004,31.764999999999997,24.7,18.162
张家界市,58.97817073170732,58.79268292682928,57.48402439024389,14.47219512195122,7.572560975609755,21.5,34.11560975609756
衢州市,72.97972972972973,72.97972972972973,64.95162162162163,25.131621621621623,30.07871621621621,15.75,33.86945945945946
九江市,56.42600361663652,50.02997287522604,54.92607594936708,13.927974683544306,15.836392405063291,10.069620253164556,29.989620253164567
台州市,67.97202380952383,67.7762329931973,64.12321428571428,19.58119047619048,49.13958333333333,27.44047619047619,36.04488095238095
内江市,78.80011904761902,78.46309523809524,72.72571428571429,22.29952380952381,29.48690476190476,23.857142857142858,18.11523809523809
恩施土家族苗族自治州,66.31903638814013,66.31903638814013,57.96650943396225,18.819339622641508,5.943396226415092,13.120283018867925,37.41386792452829
咸宁市,67.04648936170213,66.69715045592703,62.46436170212765,15.200425531914895,18.88404255319149,13.01063829787234,29.98404255319149
景德镇市,57.25809523809522,56.088350340136046,54.65119047619047,12.636190476190476,12.65892857142857,9.464285714285714,36.017857142857146
金华市,73.01392857142856,73.00510204081631,66.8857142857143,24.77030612244897,51.25561224489796,22.801020408163264,30.52336734693878
Janakpur,47.31,2.7,2.13,0.17,0.35,3.0,47.31
眉山市,90.02413793103449,90.02413793103449,75.27706896551723,18.37620689655173,34.57887931034482,21.04310344827586,29.039827586206886
资阳市,83.33368055555555,83.33368055555555,73.99777777777778,19.661111111111108,30.302777777777774,23.569444444444443,21.53305555555556
荆州市,83.1068442622951,83.00922131147541,78.46770491803275,29.09491803278688,31.58237704918033,23.34016393442623,24.04737704918033
黄石市,55.64197368421051,51.30817669172932,55.60684210526315,14.98157894736842,22.07960526315789,10.06578947368421,32.18578947368421
杭州市,68.23859589041095,66.97123287671234,65.73191780821918,21.907123287671237,40.45332191780823,16.455479452054796,30.51157534246576
拉萨市,58.47957364341084,1.7582502768549286,2.5622480620155024,0.0327131782945735,1.901744186046512,4.901162790697675,58.47957364341084
广安市,78.87958333333334,78.87958333333334,68.96099999999998,28.74833333333333,42.23291666666667,26.133333333333333,16.714666666666666
宜昌市,66.29836904761905,66.11373015873016,64.94761111111113,22.750055555555555,14.18,14.77777777777778,33.69794444444444
黄山市,63.42572222222223,63.38388888888889,57.39055555555557,16.322444444444443,14.1925,12.53888888888889,34.96955555555556
成都市,88.95202830188684,88.80117924528305,77.32783018867924,22.227547169811327,51.309669811320745,21.764150943396228,30.18698113207547
遂宁市,92.6358695652174,92.6358695652174,79.06826086956522,23.292608695652174,37.201086956521735,26.880434782608692,21.098043478260863
黄冈市,69.74457236842103,65.96158364661652,64.4817105263158,20.64328947368422,38.220065789473686,13.986842105263158,28.90703947368421
池州市,54.72072368421052,50.62321428571428,54.71368421052631,15.440263157894735,12.434868421052633,12.848684210526317,31.205394736842116
宁波市,65.00801282051282,65.00801282051282,62.045,18.96102564102564,44.65673076923077,18.102564102564106,42.10393162393163
潜江市,97.7875,97.7875,89.77666666666667,33.632222222222225,39.24305555555555,24.88888888888889,22.762777777777774
仙桃市,82.27125,82.27125,76.14650000000002,25.516,35.9525,18.725,23.053000000000004
武汉市,84.93979729729732,83.26418918918921,76.2022972972973,25.300270270270275,67.02891891891893,17.7972972972973,27.66581081081081
安庆市,67.38090909090907,64.26609848484847,65.4790909090909,23.40469696969697,22.2471590909091,14.75378787878788,24.995833333333334
绍兴市,72.5170138888889,72.50798611111112,67.90333333333332,24.668888888888883,54.69965277777777,21.27777777777778,31.738888888888887
南充市,95.24009433962264,95.24009433962264,77.90726415094338,27.41245283018868,38.590330188679246,26.443396226415093,22.026037735849066
达州市,82.54436619718308,82.54436619718308,62.7488028169014,26.241126760563382,19.028345070422542,17.119718309859156,28.01690140845071
鄂州市,70.950625,70.746875,67.7425,19.4425,51.75937499999999,14.53125,30.474375
德阳市,85.14324074074075,85.07969576719577,75.74481481481482,24.90111111111111,45.94259259259258,21.314814814814813,27.55
荆门市,84.81047169811322,84.72594339622644,82.64764150943395,28.55207547169812,30.034198113207548,20.04245283018868,29.688773584905668
阿坝藏族羌族自治州,47.21221162579474,8.532356948228882,7.107874659400549,1.271880108991825,1.6643732970027258,3.7963215258855594,46.82306993642144
绵阳市,77.6491237541528,74.89159053156145,65.11813953488375,20.539418604651164,28.85726744186047,16.906976744186046,30.25494186046512
天门市,92.59583333333336,92.59583333333336,86.45958333333333,29.284166666666668,43.85625,21.666666666666668,23.6675
孝感市,74.7105625,72.098125,73.11437499999998,23.295750000000005,50.6215625,15.39375,29.96825
宣城市,61.845324074074085,59.37152777777776,61.7675925925926,19.408148148148143,21.3337962962963,18.03240740740741,30.92814814814814
那曲地区,49.82837887659944,0.3235895529324266,0.2475341574495764,0.0224918672739103,0.2040419648666217,3.2016916070266754,49.82837887659944
舟山市,56.41,55.4375,53.394000000000005,13.348000000000004,26.1425,12.0,49.08200000000001
阿里地区,44.573181405895696,0.5703595724003907,0.4449999999999975,0.0487687074829932,0.4372193877551018,2.91530612244898,44.573181405895696
巴中市,89.37954545454544,89.37954545454544,65.42245454545454,25.173818181818177,11.466590909090913,16.436363636363637,32.9819090909091
湖州市,74.65096153846153,73.22307692307692,71.18134615384616,25.97038461538461,54.61009615384614,18.865384615384617,29.31557692307693
嘉兴市,92.77109375,92.64296875,81.8721875,34.9025,85.9375,22.125,33.8740625
神农架林区,46.42939560439561,46.42939560439561,42.13076923076923,10.956923076923074,2.951923076923077,8.076923076923077,39.50384615384615
襄阳市,66.64090531561463,66.27142857142857,64.47470930232559,26.757499999999997,14.540116279069766,18.593023255813957,31.944360465116286
铜陵市,66.01875,65.59791666666666,65.215,24.041666666666668,22.995833333333334,23.75,22.45083333333333
芜湖市,69.33541666666667,68.91302083333333,67.81041666666667,24.563333333333333,25.06822916666667,25.447916666666668,22.52875
Karnali,53.29583333333333,1.0499999999999998,0.8300000000000001,0.14,0.33125,3.125,53.29583333333333
广元市,85.90868055555559,85.90868055555559,69.25152777777775,26.10472222222221,15.868055555555555,16.22222222222222,30.736875
六安市,67.59359375,67.59359375,60.23718750000002,24.548624999999998,21.81125,13.046875,28.5923125
合肥市,82.90353773584906,82.90353773584906,70.85018867924528,24.379622641509425,30.816981132075465,19.82075471698113,22.37584905660377
十堰市,54.964927184466006,54.964927184466006,46.89150485436894,19.241456310679613,7.450485436893204,11.728155339805824,34.858252427184446
随州市,68.72441860465118,62.21860465116279,68.72441860465118,28.595348837209304,23.852906976744183,17.02906976744186,34.92895348837211
苏州市,112.686875,112.686875,91.41625,43.98425,90.2715,26.1125,29.260375
安康市,63.15178571428575,62.89848639455786,50.5332857142857,18.47866666666667,6.232738095238096,15.516666666666667,31.2650476190476
信阳市,67.51536144578311,63.51912650602407,64.89692771084336,32.35813253012048,32.730572289156626,14.629518072289155,32.258795180722906
上海市,104.49062499999997,104.49062499999997,84.49708333333332,35.44916666666667,82.44635416666667,21.45833333333333,35.501875000000005
玉树藏族自治州,44.63829637841841,0.4750554323725032,0.353647450110864,0.0394900221729495,0.2312361419068727,3.245011086474501,44.63829637841841
南京市,90.78066666666663,88.82083333333331,90.09416666666668,40.8955,76.31925,30.975,24.068
常州市,87.97833333333334,87.92500000000001,82.39694444444446,35.84,62.13055555555554,29.291666666666668,28.22416666666667
无锡市,97.81625,97.81625,85.65625,41.10549999999999,75.72375,28.625,27.433250000000005
马鞍山市,82.27921875000001,81.95859375,79.899375,32.879999999999995,49.45546875000001,30.71875,21.051250000000003
汉中市,82.89891025641026,82.62596153846157,68.24581196581197,25.827179487179496,10.057371794871797,34.92521367521368,31.690512820512836
南阳市,75.08706521739127,74.53689440993784,71.05308695652172,28.128956521739124,21.82445652173913,27.256521739130434,32.059521739130446
滁州市,89.37590163934424,89.06372950819672,84.14918032786883,26.172950819672128,49.63606557377049,22.049180327868854,27.765327868852445
镇江市,94.29866666666663,94.1075,90.40266666666663,44.18333333333333,70.70083333333332,32.666666666666664,25.12033333333333
果洛藏族自治州,47.370411458333336,2.738794642857142,1.99334375,0.1431875,0.4221874999999999,3.2484375,47.370411458333336
陇南市,64.88555785123964,63.55323199527742,54.08946280991734,17.356446280991733,8.006714876033058,29.179752066115704,33.68111570247934
驻马店市,67.7083955223881,62.65223880597016,67.60723880597018,27.26313432835821,22.09832089552238,18.970149253731343,35.60462686567164
南通市,126.16317567567572,126.16317567567572,98.22054054054055,52.02513513513513,79.26148648648649,26.844594594594597,26.016621621621624
阜阳市,78.5927777777778,74.99999999999999,74.96366666666667,34.095333333333315,28.940555555555555,19.261111111111116,27.400888888888883
泰州市,113.57916666666668,113.57916666666668,95.36562499999998,45.643125000000005,58.53072916666668,33.208333333333336,25.964583333333326
Pithoragarh,42.075,2.414285714285714,1.84,0.15,1.075,2.75,42.075
淮南市,92.39444444444445,92.39444444444445,79.88555555555556,29.022222222222226,46.10138888888889,20.444444444444443,21.508888888888887
扬州市,99.2285344827586,99.08275862068965,94.87724137931036,44.08620689655172,64.5,32.16379310344828,26.629137931034485
甘南藏族自治州,46.51647186147185,13.79786641929499,13.088766233766233,2.0494155844155846,2.6488636363636355,5.357142857142857,46.011471861471854
商洛市,47.966745585874776,42.632925361155706,46.62685393258427,14.781460674157303,9.301825842696632,13.01123595505618,34.98488764044943
海西蒙古族藏族自治州,41.08946994387112,6.606288701792506,4.722752851711017,0.2475209125475291,0.3813973384030417,3.165019011406844,40.5647782002535
亳州市,83.18855263157893,75.11677631578948,83.0102631578947,29.43921052631579,33.9595394736842,23.56578947368421,31.11394736842105
蚌埠市,89.96787037037039,85.72407407407408,88.87444444444446,30.769629629629637,51.370833333333344,24.62962962962963,27.516666666666666
平顶山市,70.9708088235294,70.33345588235292,68.83264705882353,22.49558823529412,28.95992647058824,30.33823529411765,34.90161764705883
周口市,80.59193396226414,79.09646226415094,78.87207547169812,27.313962264150945,25.762971698113205,37.08490566037736,32.20830188679245
淮安市,90.55920454545456,88.08352272727271,90.4605681818182,28.09954545454545,46.46363636363637,27.09090909090909,34.31704545454546
Chamoli,43.13,4.0,3.02,0.16,2.6125,3.0,43.13
盐城市,104.18988636363636,104.1323863636364,93.07174242424246,33.593636363636364,48.41553030303032,26.901515151515152,30.796136363636364
宝鸡市,73.4436,60.21052380952383,73.03280000000001,21.618,31.35066666666667,62.6,30.826333333333334
西安市,67.04576086956521,52.14899068322981,67.04576086956521,22.432391304347824,30.988043478260867,30.27717391304348,29.010326086956525
三门峡市,54.26215909090911,43.78449675324676,54.26215909090911,28.59465909090909,28.50823863636364,22.90340909090909,31.20511363636364
洛阳市,52.817132352941165,44.89758403361345,52.817132352941165,26.093897058823533,26.02077205882352,26.496323529411764,33.166544117647064
漯河市,77.9248076923077,77.7826923076923,75.22884615384616,24.14692307692308,28.85769230769231,32.86538461538461,33.63923076923077
淮北市,84.09791666666666,67.38020833333333,84.09791666666666,32.51083333333333,44.6125,23.854166666666668,32.58291666666667
宿州市,89.42226190476188,75.20684523809521,89.42226190476188,29.16619047619048,45.69345238095237,25.49404761904762,33.703809523809525
宿迁市,94.34905405405406,86.82331081081081,94.34905405405406,28.896216216216217,44.204391891891895,26.93918918918919,34.50283783783784
许昌市,84.31988636363634,84.31988636363634,82.05227272727272,31.03909090909091,41.91875,46.89772727272727,29.796590909090902
黄南藏族自治州,47.27911522633744,6.225925925925926,4.620617283950616,0.4564197530864196,0.746296296296296,3.435185185185185,47.27911522633744
定西市,71.97855897009964,54.04485049833886,69.2802325581395,9.347558139534884,14.539098837209298,22.546511627906977,36.120000000000005
天水市,76.78521541950114,66.20396825396824,67.40714285714286,16.80428571428571,16.269047619047615,65.29603174603174,32.70984126984125
咸阳市,75.93364583333333,61.30613839285715,75.93364583333333,22.688437500000006,44.390885416666656,57.609375,25.987812499999997
渭南市,76.14735294117648,68.14926470588236,76.10764705882355,41.65019607843138,52.62132352941176,49.91666666666666,22.984411764705875
商丘市,86.05545454545455,75.51875,86.0143181818182,27.34386363636363,29.976420454545448,33.33522727272727,37.62659090909092
Kinnaur,45.31,2.628571428571429,1.95,0.18,1.4874999999999998,3.0,45.31
徐州市,101.39869999999998,85.94775000000006,101.39869999999998,34.0629,49.60425000000002,27.375,33.7726
郑州市,80.39854838709678,79.46854838709679,79.53000000000002,44.111935483870965,57.01330645161288,50.37096774193548,25.52725806451613
开封市,88.19962962962964,83.15925925925924,88.18666666666667,32.58296296296297,32.099074074074075,59.75,29.9512962962963
海南藏族自治州,42.63192244224422,5.372772277227729,4.029356435643564,0.370940594059406,0.6119430693069304,3.3366336633663365,42.63192244224422
运城市,75.78073076923074,67.36986263736266,74.59353846153843,53.75607692307692,55.07980769230772,50.61153846153846,23.778615384615385
铜川市,63.86444444444443,53.97490079365079,63.86444444444443,22.507777777777772,36.65625000000001,51.90277777777778,26.805000000000003
连云港市,108.88951612903227,97.87943548387096,108.88951612903227,40.94774193548388,56.1858870967742,28.080645161290324,32.706935483870964
临夏回族自治州,78.13513513513513,60.8074806949807,77.80972972972972,11.403513513513513,26.01722972972973,24.12837837837838,35.383378378378374
平凉市,66.64729166666666,59.52734375000001,63.28864583333333,14.882083333333332,19.536458333333336,56.30729166666666,31.932083333333328
菏泽市,93.13927272727275,79.52545454545452,93.13927272727275,30.51163636363637,33.712954545454544,32.40909090909091,39.24045454545455
济源市,55.1485,45.57732142857143,55.1485,36.5065,29.848750000000003,31.05,33.272000000000006
焦作市,76.36838235294118,67.58088235294119,76.31382352941178,59.40705882352942,57.463970588235306,40.66176470588236,25.779117647058825
济宁市,98.71663043478264,79.45597826086956,98.71663043478264,41.10173913043479,41.22010869565218,26.532608695652176,35.088478260869564
枣庄市,115.33975000000002,95.331875,115.33975000000002,57.07075,54.224375,30.8375,31.661250000000003
临沂市,117.74081081081088,100.5783783783784,117.74081081081088,60.75986486486486,64.80422297297295,33.060810810810814,28.47445945945946
新乡市,88.33381578947369,80.35935150375941,88.2488157894737,51.89776315789476,54.28717105263158,50.36842105263158,23.359078947368424
固原市,52.79124603174605,52.37674603174604,47.173222222222215,12.82911111111111,8.396944444444443,22.738888888888887,34.97666666666667
庆阳市,45.06685592185591,38.2750763125763,40.66820512820513,10.757350427350426,12.46858974358975,24.042735042735043,31.345982905982897
延安市,55.3033630952381,42.40513392857141,54.99247023809523,24.702142857142867,27.77998511904763,42.52827380952381,24.91095238095238
白银市,69.06261494252875,55.52290640394088,66.57189655172417,17.746091954022983,34.91408045977012,25.39367816091954,33.63442528735633
晋城市,66.30662500000001,52.456026785714286,66.30662500000001,48.54875,36.656875,40.35,32.05275
海东地区,44.6895599489796,32.65411352040817,32.63375,8.846250000000001,13.96986607142857,15.53125,34.59169642857144
兰州市,83.72883333333333,67.4475595238095,83.368,23.23025000000001,50.23975000000001,32.104166666666664,30.47016666666667
临汾市,70.49885057471263,69.41666666666664,66.69408045977009,43.86477011494252,39.47571839080459,50.52586206896552,26.064022988505744
安阳市,97.24983870967743,76.41514976958524,97.24983870967743,53.35387096774193,59.34516129032259,46.45967741935484,22.984516129032254
鹤壁市,96.42000000000002,80.70694444444443,96.42000000000002,56.22444444444446,62.24722222222223,47.888888888888886,20.24222222222222
濮阳市,103.15657894736844,82.02105263157894,103.15657894736844,41.88657894736842,47.65526315789474,38.19736842105263,27.21289473684211
日照市,116.81354166666668,107.54322916666666,116.81354166666668,56.050625,64.959375,33.53125,29.356041666666663
中卫市,40.95351382488478,36.78199884792628,35.55169354838709,15.89048387096774,17.300604838709674,14.762096774193548,33.8408870967742
长治市,66.41254098360655,51.72824941451991,66.41254098360655,40.4789344262295,36.94323770491804,41.00819672131148,28.71024590163935
泰安市,99.7852777777778,74.3434027777778,99.7852777777778,48.40694444444446,48.93680555555555,27.0625,29.45902777777778
西宁市,51.03200000000001,27.95077380952381,32.723000000000006,14.645833333333332,14.670833333333336,14.1,34.080333333333336
聊城市,111.30973684210524,83.9694078947368,111.30973684210524,41.86078947368421,51.1483552631579,29.50657894736842,25.286052631578947
邯郸市,113.05730000000004,83.22217857142856,113.05730000000004,56.07980000000001,68.33724999999998,38.54,19.7718
青岛市,109.21838541666664,105.99114583333336,104.95156249999997,53.20656249999999,68.75494791666665,32.796875,30.350416666666664
吴忠市,49.800119047619056,37.53477182539683,44.78555555555556,25.04118055555556,35.01635416666667,22.256944444444443,30.623402777777773
济南市,102.20029411764706,68.83676470588236,102.20029411764706,46.9875,46.71911764705883,24.308823529411764,31.980147058823523
莱芜市,97.0240909090909,76.98181818181818,97.0240909090909,60.05227272727273,58.054545454545455,30.545454545454547,27.60545454545455
淄博市,102.5674,78.36000000000001,102.5674,63.95939999999999,61.64499999999999,33.15,27.9078
潍坊市,103.74049999999995,86.88875,103.74049999999995,54.133285714285705,57.28303571428571,30.62857142857143,30.96971428571429
巴音郭楞蒙古自治州,41.18644536605424,17.895238209487257,18.097228544008782,0.7686900191938584,1.0503178982725525,3.5734165067178503,34.4439611324376
海北藏族自治州,43.8524295774648,3.2316901408450684,2.735915492957746,0.7014788732394367,0.9364436619718308,3.6690140845070425,43.8524295774648
武威市,44.59232638888888,30.2686011904762,33.49138888888888,21.50399305555556,10.870399305555557,19.510416666666668,36.65197916666666
榆林市,43.30112272036472,36.80973594224923,41.34507978723403,20.10372340425531,19.390026595744683,18.41223404255319,26.657367021276617
吕梁市,52.48452507598781,48.19247720364741,52.0285638297872,36.88787234042554,19.05704787234042,30.08244680851064,25.01994680851064
晋中市,69.06979166666669,57.78554067460316,69.02618055555557,50.14354166666668,26.856423611111108,42.31597222222222,23.854930555555555
德州市,109.03206521739128,79.24402173913043,109.03206521739128,42.77663043478262,46.16929347826087,26.130434782608692,27.48663043478261
和田地区,36.94661885245895,19.906201209992204,14.163132969034598,0.5187887067395262,0.6801457194899816,3.3825136612021858,33.05935336976324
邢台市,124.01354545454544,90.87061688311688,124.01354545454544,58.87181818181817,64.445,37.50454545454546,19.91618181818182
阿拉善盟,34.43243991989323,26.04238484646197,21.9103691588785,6.4274859813084,3.959128504672898,8.46252336448598,30.84230841121493
滨州市,105.42618421052634,75.74342105263159,105.42618421052634,55.97118421052633,61.33157894736842,32.9078947368421,24.403421052631572
衡水市,121.27256410256408,93.46346153846154,121.27256410256408,50.40512820512821,54.511858974358965,32.41025641025641,22.99179487179487
烟台市,110.2835087719298,104.40745614035087,108.50631578947366,52.02780701754384,72.85438596491228,38.57017543859649,26.17631578947368
张掖市,42.38685628742513,10.90239520958084,16.07784431137725,6.371437125748497,5.932035928143711,9.348802395209582,40.400029940119744
银川市,94.479,75.21964285714284,90.04133333333334,57.125,82.55175000000003,39.65833333333333,22.629
鄂尔多斯市,53.931942079940775,48.06195410806807,52.16045336787564,31.18474491829416,29.221716321243488,16.593264248704664,26.11994818652848
太原市,65.45137931034482,58.547906403940885,61.47103448275862,53.1146551724138,21.489224137931032,39.98275862068966,21.732931034482764
东营市,117.7216,92.193,117.7216,68.4032,76.36250000000001,37.38,21.140200000000004
石家庄市,95.51706349206349,74.1514739229025,95.51706349206349,54.1326984126984,53.550595238095234,32.345238095238095,21.614523809523817
威海市,121.01302083333336,121.01302083333336,101.32750000000004,31.90958333333334,43.62604166666665,39.177083333333336,33.378125000000004
阳泉市,71.92212500000002,65.51812499999998,71.76325,53.254,29.23,32.2375,21.954999999999995
金昌市,55.50863636363636,39.706926406926414,50.07984848484848,35.68333333333334,24.535606060606064,30.696969696969692,35.82924242424242
沧州市,112.4733984375,96.582421875,112.455,51.668984375,54.60605468749999,34.0625,21.670234375
喀什地区,50.76152224824357,36.5061768149883,26.22646516393441,2.0282172131147544,1.9831711065573767,4.542008196721311,31.40952868852456
酒泉市,38.802049731182855,15.641810675883256,14.739254032258064,1.5812231182795653,2.5736055107526887,4.134744623655914,35.45234543010758
忻州市,48.27048672566372,40.71648230088494,48.088672566371685,25.06097345132743,16.294579646017695,23.663716814159294,27.67840707964602
石嘴山市,100.05027777777778,92.3701388888889,100.05027777777778,76.26749999999998,65.77916666666667,38.625,23.294722222222227
保定市,96.59190721649485,79.60152798232694,96.59190721649485,42.365000000000016,57.667010309278346,40.06958762886598,23.669020618556704
乌海市,123.148125,120.1125,123.148125,89.02889423076923,65.76562499999999,48.28125,22.623125
廊坊市,136.8814423076923,134.60384615384618,132.70538461538462,56.68269230769233,90.43375,47.14423076923077,17.711923076923078
天津市,137.85894204851746,137.8124326145552,124.30830188679244,58.67056603773582,96.90981132075476,42.83018867924528,16.092641509433964
朔州市,48.76336956521739,36.25434782608696,48.76336956521739,23.30260869565217,23.24728260869565,30.005434782608692,27.94858695652174
大同市,52.58691406249999,35.10111607142858,52.49984375,33.50859375,34.58164062499999,38.80078125,25.283828125
唐山市,110.74275423728812,108.26419491525422,106.94669491525424,59.48525423728812,88.60800847457627,48.97033898305085,15.892033898305089
大连市,96.61377192982457,96.53399122807016,83.80035087719301,49.35043859649125,53.13640350877194,24.63157894736842,18.4761403508772
嘉峪关市,87.64571428571428,43.51913265306122,86.31285714285715,27.562857142857144,43.9225,21.035714285714285,37.06928571428572
呼和浩特市,68.58418918918919,54.61730212355212,68.56966216216216,31.111216216216217,42.09780405405406,32.65405405405406,22.37344594594594
张家口市,43.46814585115484,35.7579234388366,40.33209580838324,27.60026946107785,29.45254491017967,22.729041916167663,27.260479041916163
北京市,92.26119047619046,91.62450396825396,86.95090277777781,35.10277777777778,76.05538194444442,28.95486111111111,18.755
巴彦淖尔市,33.89846956308298,30.674564310260195,24.991615120274915,4.049896907216492,3.09007731958763,4.741408934707904,29.49864261168385
秦皇岛市,89.82564516129032,86.34637096774193,89.79645161290324,53.99258064516128,61.49677419354839,40.314516129032256,18.702741935483875
包头市,46.55225206611569,39.79743211334122,40.32698347107437,11.63144628099174,14.898760330578511,13.150826446280991,28.09012396694214
乌兰察布市,40.00583723653397,34.29634074941452,34.402377049180345,12.053893442622948,13.602459016393444,16.050204918032787,29.548196721311484
Murghob,39.07,1.0214285714285714,0.7849999999999999,0.2175,0.6062500000000001,4.125,39.07
克孜勒苏柯尔克孜自治州,38.48459167054445,15.393095625872505,11.19234527687296,0.9635504885993482,1.1077768729641708,4.265472312703583,35.29728013029317
承德市,49.637585403726696,45.119565217391305,46.37483695652177,17.346168478260886,25.36915760869569,13.987771739130435,26.77997282608696
葫芦岛市,77.10622222222221,76.13194444444443,75.07744444444441,43.95266666666667,50.76055555555554,38.31666666666667,21.647333333333336
营口市,74.85230769230769,68.22596153846155,74.19403846153847,51.95634615384616,50.33365384615385,36.86538461538461,23.33942307692308
丹东市,79.39365079365082,78.73769841269845,69.51674603174604,28.12730158730158,27.82182539682541,42.80952380952381,28.46238095238095
阿克苏地区,36.86152962591011,29.0316501380869,21.008418277680125,2.093444639718805,1.4944200351493857,4.26493848857645,29.54611599297014
哈密地区,35.26864111498258,16.30118466898958,11.818845528455284,2.116747967479673,1.3210365853658523,3.6150406504065047,35.2100487804878
鞍山市,69.9656707317073,62.60426829268293,69.08597560975609,46.169268292682936,38.63871951219512,48.44512195121951,26.329634146341466
朝阳市,62.256404494382,51.12158908507221,62.256404494382,34.92865168539328,30.228511235955068,34.71910112359551,24.30067415730338
盘锦市,66.90339285714286,63.049107142857146,66.29035714285715,42.05071428571428,44.07410714285715,48.75,24.15
吐鲁番地区,32.18159463148314,19.530436760691533,15.26632165605094,2.208980891719744,2.020899681528664,4.365445859872612,31.85753184713373
锦州市,65.00386363636366,64.03802759740263,62.69784090909091,37.76238636363637,36.592045454545456,41.77272727272727,23.562272727272727
辽阳市,72.81625,60.60624999999999,70.61375000000001,51.92100000000001,39.11375,53.425,27.18125
锡林郭勒盟,33.809768402994344,15.70728321896444,11.414847161572062,1.684235807860262,1.1013509825327523,3.933133187772926,31.38193231441044
赤峰市,38.74271690351533,21.656824981301423,24.734358638743466,7.043049738219898,4.955726439790576,6.915575916230367,30.8633115183246
图木舒克市,48.85946428571428,48.85946428571428,34.967,2.3510000000000004,1.33875,4.375,26.228500000000004
本溪市,68.79675675675676,60.34425675675675,61.63459459459458,30.84729729729729,26.0625,56.32432432432432,28.29891891891892
阿拉尔市,37.0968253968254,37.0968253968254,26.58277777777778,2.2888888888888883,2.129861111111111,4.236111111111111,26.35472222222222
沈阳市,64.12723214285715,51.74489795918366,64.12723214285715,36.6769642857143,30.07299107142857,23.0,26.10571428571429
通化市,58.02256849315067,57.61164383561645,52.10609589041096,16.255616438356167,17.113184931506847,16.527397260273972,27.834383561643836
阜新市,39.11581746031746,36.93809523809524,38.48855555555555,16.58955555555556,15.891111111111114,18.261111111111116,25.274000000000008
抚顺市,60.18245098039215,52.22927170868347,60.18235294117645,27.432745098039213,24.169852941176472,43.67156862745098,29.676078431372552
Alai Range,35.43,0.5285714285714286,0.44,0.14,0.6375,4.5,35.43
通辽市,30.32907485503426,19.12245651027939,17.88745387453874,8.380479704797045,7.3452029520295214,6.731549815498155,26.378579335793365
白山市,50.63770871985156,50.63770871985156,40.32655844155845,14.615454545454543,14.890909090909089,10.49025974025974,26.96512987012987
铁岭市,64.64186440677966,55.38728813559322,64.64186440677966,34.53915254237289,30.99936440677966,22.309322033898304,26.995593220338986
At Bashi,35.973333333333336,3.157142857142857,2.32,0.2299999999999999,0.5333333333333333,3.583333333333333,35.973333333333336
Djety Oguz,35.076,3.2028571428571437,2.356,0.2299999999999999,0.4599999999999999,3.6,35.076
辽源市,63.34906250000001,62.662500000000016,60.77500000000001,20.042916666666667,22.842187500000005,17.583333333333332,32.562083333333334
延边朝鲜族自治州,48.75744017403918,48.75634517766501,39.27256345177666,13.995786802030455,12.396002538071064,11.959390862944163,29.630507614213208
乌鲁木齐市,50.0417967032967,35.01673076923077,34.16138461538462,10.946538461538465,31.41392307692308,14.434615384615384,30.26176923076924
昌吉回族自治州,44.15242942686054,31.482859281437104,27.14561377245509,8.333413173652687,16.435666167664674,9.54940119760479,34.86601796407182
四平市,66.7440986394558,66.1825963718821,62.82880952380952,16.66,24.257539682539683,15.337301587301589,28.758412698412688
Ak Su,28.875,1.3714285714285714,1.08,0.3,0.3875,2.5,28.875
伊犁哈萨克自治州,33.56953543526787,12.946128627232143,10.507675781250002,4.798007812499997,4.088671875000001,5.12109375,32.62442057291667
吉林市,68.9796,68.9796,60.01,17.038159999999998,18.9487,19.84,40.905639999999984
Raiymbek District,32.365,6.671428571428572,5.32,3.34,2.7125,4.5,32.365
塔城地区,40.65567451110373,23.856140205502168,19.01674013921112,4.664501160092805,5.848723897911834,8.297563805104408,35.91436581593192
长春市,90.86809895833332,90.86809895833332,79.95145833333336,27.62411458333334,35.934375,21.963541666666668,37.59979166666667
五家渠市,89.96562499999999,89.96562499999999,71.7575,27.165,66.228125,22.625,27.52125
松原市,65.67815656565656,65.67815656565656,60.93065656565653,19.14292929292929,21.87790404040404,13.1489898989899,26.18262626262627
石河子市,50.13482142857143,50.13482142857143,46.325,21.775,36.68125,15.75,34.1125
兴安盟,28.991047239612985,9.899715424018211,7.8358764940239025,4.677410358565739,3.303087649402389,5.140438247011952,28.141075697211168
白城市,30.00843101343103,28.04215506715507,24.467606837606837,8.184871794871798,8.290811965811965,7.576923076923077,23.85354700854701
克拉玛依市,86.73607142857142,85.32571428571428,63.57924999999999,12.18175,17.968750000000007,21.81875,42.497416666666666
牡丹江市,66.65846185064937,66.65846185064937,54.37727272727272,22.14471590909091,21.662997159090917,22.298295454545453,29.43375000000002
博尔塔拉蒙古自治州,33.47330275229357,10.61205766710354,8.241926605504583,3.399908256880733,2.59105504587156,4.791284403669724,33.47330275229357
阿勒泰地区,37.28826958105646,6.376372625552952,4.860200364298727,1.2633879781420767,1.2297814207650284,3.876593806921676,37.28826958105646
哈尔滨市,69.91032157676348,69.90010373443981,58.11172199170125,23.42562240663901,24.621006224066388,14.884854771784232,29.091763485477188
Matad,29.645,1.9,1.48,0.9,0.3125,3.75,29.645
大庆市,68.38360088365243,67.85285346097203,58.01994845360827,14.15618556701031,18.07074742268041,17.801546391752577,27.52396907216494
Kerbulak District,34.92,0.5857142857142857,0.43,0.73,0.3625,4.25,34.92
绥化市,90.51430722891568,90.51430722891568,61.50409638554217,13.08837349397591,13.81822289156627,16.370481927710845,31.62569277108433
Alakol District,31.7625,2.128571428571429,1.705,1.62,1.2312500000000002,4.25,31.7625
鸡西市,70.03228571428572,70.03228571428572,52.99935000000002,16.777599999999996,20.383750000000003,13.93,21.20974999999999
齐齐哈尔市,80.77314902102975,80.6219815083394,54.48969543147208,12.778477157360404,12.019035532994929,16.59517766497462,26.461573604060924
Khankaysky District,52.5375,52.5375,40.45,10.42,10.2125,8.75,21.51
七台河市,79.71293103448275,79.71293103448275,57.297931034482765,20.45793103448276,24.617672413793105,15.46551724137931,19.8951724137931
呼伦贝尔市,28.785741758241794,8.584280101618802,6.721633581472292,5.441331679073607,3.199937965260551,4.73490488006617,28.16443341604634
Zaysan District,32.37,8.485714285714286,5.4433333333333325,1.4733333333333334,1.9375,7.666666666666667,32.37
Khalkhgol,28.2025,5.071428571428571,4.01,2.375,1.41875,4.0,28.2025
佳木斯市,76.25105742296918,76.10040849673202,53.757712418300656,13.87941176470588,17.042156862745095,11.616013071895424,20.46232026143792
双鸭山市,80.40845588235292,80.40845588235292,57.42338235294121,14.726078431372546,17.564460784313734,11.83578431372549,19.51593137254903
伊春市,60.023261904761895,60.023261904761895,47.16559999999998,10.9366,9.614499999999998,9.915,26.92913333333333
黑河市,38.30331775700931,34.440376056964816,26.2243613707165,5.848753894080995,5.317640186915888,7.586448598130841,27.14915887850469
鹤岗市,72.17365384615387,72.17365384615387,53.58753846153846,13.984769230769231,15.090000000000003,11.334615384615384,23.357769230769225
Khushuut,40.04,2.3000000000000003,1.68,0.77,0.375,4.25,40.04
Krasnokamensky District,27.87,3.7857142857142856,2.88,2.48,0.7124999999999999,3.75,27.87
Priargunsky District,27.165,4.685714285714286,3.52,5.58,0.8125,4.0,27.165
大兴安岭地区,29.527406249999984,3.6671875,2.8077499999999995,2.338656249999999,1.8486328125000004,4.65625,29.527406249999984
Gazimuro-Zavodsky District,31.05,1.542857142857143,1.16,0.99,0.4375,4.25,31.05
